,title,internal_id,url,description,responsibilities,qualifications,company,publish_date
0,AI Ethics and Public Policy Researcher,2221473,https://boards.greenhouse.io/deepmind/jobs/4164088,"As DeepMind continues to grow, we are seeking a hardworking individual to lead targeted research efforts on a range of AI ethics and policy topics to support internal decision making and external engagement. The successful candidate will have proven research experience, excellent writing and communication skills, and will be comfortable analysing technical literature and engaging substantively with domain experts. Our ideal candidate will be motivated by the idea using AI technologies for widespread public benefit and scientific discovery!","Carry out highly-targeted research on a diverse range of AI ethics and policy topics, to inform internal decision making and external engagement, across DeepMind. Manage and complete complex research programmes. Design the right blend of literature reviews, media audits, expert interviews, third party support, and quantitative techniques for the specific topic, audience and goal in question. Produce insightful, engaging and actionable research papers, memos and risk analysis that are easily digestible by senior decision makers and external stakeholders. Embed deeply into DeepMind’s AI, science and ethics research and interpret it for non-specialist audiences, drawing out clear implications for internal decision making and external policy. Proactively build robust relationships across the company to inform your research and to identify opportunities for how your work can support other teams. Monitor relevant external developments closely, cultivate relationships with external domain experts and stakeholders, and share targeted updates with internal audiences.","Master’s degree or equivalent experience in computer science, science, ethics, public policy, or related field - with experience carrying out large independent research projects. Extensive experience undertaking research in a think-tank, consultancy, academic institution or equivalent, leading to clear beneficial outcomes. Strong grasp of AI, science, ethics and policy topics. Comfortable analysing a diverse blend of technical literature and sources and developing relationships with domain experts. Exceptional writing skills, capable of synthesising complex material into short, accessible documents, tailored to different audiences. Powerful curiosity. Somebody who enjoys proactively building knowledge and expertise across a broad number of areas. Highly organised, with the ability to plan effective research programmes, juggle multiple priorities and switch context very quickly. Passionate about using research to inform internal decision making and external engagement and working towards solutions that benefit society. A proactive, organised thinker who can forecast ahead and anticipate business needs. Have a realistic, pragmatic approach and enjoy working with a range of collaborators. Comfort navigating ambiguity and exercising good judgement in a rapidly changing environment. Desirable experience Track record of published and / or impactful research and writing. PhD, or equivalent experience, in computer science, science, ethics, public policy, or related field.",DeepMind,2022-06-29 07:10:15-04:00
1,Assistant to Two Research Leads,2271915,https://boards.greenhouse.io/deepmind/jobs/4281175,"We are seeking an Assistant to support two of our Leads in Research. This is a rare opportunity to join an extraordinary team of people in a complex, mission-driven company. This role would suit someone who thrives in fast-paced, changeable environments and is looking to define their career within a company working on ground-breaking technology that could change the world. You’ll be resolving operational and administrative issues proactively and moving quickly, adapting to changing priorities; coordinating diaries; anticipating your Leaders needs; and ensuring they're prepared for each day.","Provide reactive and proactive support to your Leaders. Strategically manage a complex, ever-changing calendar of meetings, conference calls, interviews and appointments in line with both your Leaders and the organisation’s priorities, across numerous time zones, across different office locations, and on behalf of multiple key partners. Construct a deep and thoughtful understanding of the multiple workstreams, objectives, key results and complex projects being carried out by the Leaders. Develop a strong working relationship with your Leaders, thinking ahead and managing both priorities and risks, anticipating challenges before they arise and proposing solutions to enable effective decision-making. Enable the Leaders by performing consistent meeting analysis, ensuring that their time is being used effectively; they are clear of their role within meetings and that they're well prepared for their meetings Confirm that meeting roles, agendas and briefing documentation is in place for each meeting Have a clear comprehension of your Leaders key partners; ensuring that they are meeting with these individuals and their large number of reports in the correct cadence Partner with our Program Managers and help coordinate team meetings and circulate agendas - ensuring everyone is well prepared, time is used effectively and actions are complete Gather, track, and communicate any follow-up or actions for your Principals Collaborate closely with the Travel Team and arrange frequent domestic and international travel for conferences, international office visits and speaking engagements - e. g. hotel reservations, flight check-in, visas, detailed travel itineraries and overseas transport - whilst being the primary contact point for when the Leaders are travelling Welcome guests and ensure they have a great visitors' experience - ensuring room set-up, providing an office tour and offering refreshments Draft and send out team communications on behalf of the Leaders Contributes, proactively, to a social and inclusive environment in your Leader's team; enabling a variety of opportunities for connection. Drive internal business and team bonding opportunities, collaborating closely with the Program Manager and Team Coordinator to organise events e. g. off-sites, lunches, retreats, talks and seminars. Provide personal support, errand running and duty-of-care e. g. lunch, water / tea, post, travel etc. Undertake financial administration e. g. submit expense claims and approve purchase order requests; approve invoices; reimbursements etc. Scan, copy, file and maintain an effective archiving system (online and offline) Work closely with the Management Support Team to provide Assistant support during peak periods as required","An experienced Assistant who performs best in fast-paced environments, with bags of energy and a keen interest to continue to grow your career in supporting and enabling others. Colleagues describe you as positive, warm, kind, trustworthy, and efficient, with a can-do approach and a thirst for learning. Proactive, a self-starter and natural problem-solver; identifying what needs to be done without guidance. Aware of what your Leaders need to do everyday, what should be achieved and when, so that you can assist to reduce stress and setbacks Comfortable communicating both internally and externally; adapting communication styles accordingly Highly organised; used to working at a very fast pace and juggling many different priorities, whilst ensuring impeccable attention to detail Utilise superb diary management skills to make the most of every day Staying flexible and unflappable when priorities shift; being reactive, available and accessible to urgent changes or tasks Preparation and research is second nature. You have extensive experience creating detailed schedules; plan down to the very last detail and always have contingencies in place Naturally curious and ask questions A resilient nature that remains calm even in the most stressful of situations; seeking understanding and implementing changes as required, and learning from any setbacks You handle your (sometimes conflicting) priorities well; coordinating multiple deadlines; and are comfortable pushing back and managing expectations in a mindful way Committed and always organised; you are willing to roll your sleeves up and get stuck in with anything; this mentality means that no task is too big or too small An ability to instil trust with people, especially with other Assistants. Putting people at ease, influencing and creating understanding. Your knowledge and approach means that people actively seek your guidance A recognition for the value in forming relationships with key partners across the entire organisation, dealing thoughtfully, calmly and effectively with different teams across the business Hierarchy isn’t important to you; collaborating as a team and working towards our mission is your driver Most of all, you instinctively act with total discretion and diplomacy, and apply sound judgement in responding to circumstances - both predictable and unexpected. Loyalty and confidentiality are a key requirement This is a career defining role and applicants should be ready to commit to this long term mission. This opportunity offers the chance to be a key part of something extraordinary and the opportunity to make a real difference. Please include a cover letter when applying and tell us how you can make a difference to our team. Competitive salary applies",DeepMind,2022-06-29 07:10:15-04:00
2,Employee Relations Partner,1726743,https://boards.greenhouse.io/deepmind/jobs/2928424,"DeepMind has a remarkable track record of scientific breakthroughs. Such extraordinary work is a direct result of the brilliant and diverse people we bring together. Our People & Culture team work together to maintain, optimise, and nurture our culture to create the best environment in the world for advancing AI research. A place where everyone’s expertise is recognised and where everyone is continually learning and supported to be the best leaders, managers, and collaborators they can be.","Crafting and delivering people practises which develop and maintain positive working relationships. Solving HR and policy issues, anything from handling long term sickness to working on a disciplinary investigation which includes advising on best practice and note-taking responsibilities, to assisting in the management of poor performance. Supporting large-scale change programmes, and being a point of contact for topics such as organisational restructures, maternity and paternity, sickness absence. Helping ensure our employee handbook, policies and code of conduct are up to date, legally compliant and reflect our culture and ways of working. . Identifying and implementing appropriate reporting mechanisms for employee relations cases, both informal and formal. Partnering closely with Learning and People Partners to ensure managers are equipped to support with people challenges in a fair and effective way, and to enable you to build strong relationships across the organisation. You’ll mainly cover the UK Legal Jurisdictions but will also advise and support US, Canada or France teams.","You are driven by fairness, high quality delivery and standards, and care deeply about people. When handling people issues, you efficiently navigate legal, cultural and business risks and tensions. You enjoy conflict management and problem solving. You have experience of handling investigation and disciplinary processes. You enjoy learning about and working within non-UK legal jurisdictions. You have change management experience. You hold a solid understanding of organisational culture. Different work environments pose different challenges for people, so too does the ever-changing nature of our organisation as we grow, scale, and evolve. You proactively ensure your Employment Law expertise is up-to-date. Taking the learning opportunities after each case you support, you possess a continuous improvement approach",DeepMind,2022-06-29 07:10:15-04:00
3,ER Program Associate,2288723,https://boards.greenhouse.io/deepmind/jobs/4327295,"DeepMind has a remarkable track record of scientific breakthroughs. Such extraordinary work is a direct result of the brilliant and diverse people we bring together. Our People & Culture team work together to maintain, optimise, and nurture our culture to create the best environment in the world for advancing AI research. A place where everyone’s expertise is recognised and where everyone is continually learning and supported to be the best leaders, managers, and collaborators they can be.","Support ER case management, maintain up-to-date data and track issues Communicate progress and provide relevant reporting to multiple sets of stakeholders Lead the delivery of several ER projects to continuously improve the workplace experience for DeepMinders Be responsible for the full portfolio of this teams’ initiatives and ensure alignment with the organisation’s overall mission to deliver meaningful impact Facilitate collaboration between P&C team members and create relevant connections and relationships Develop processes and ways of working to continually improve operational effectiveness. Anticipate obstacles before they arise, where possible try to resolve these, or provide possible creative solutions to challenges Play a leading role in scheduling team meetings, preparing agendas, agreeing actions and scheduling follow ups to ensure progress Support the facilitation of ER processes, participating in retrospectives and standups Provide clarity where ambiguity exists, ensure there is understanding on actions and next steps Support the team’s knowledge management approach, as well as resource allocation, capacity planning and management Take part in interviews and support the onboarding process for new starters Be curious and proactive about learning about the ER and People and Culture space you support in order to understand how it links to the overall mission If required, support the development of new or existing vendor relationships and working with the Finance and Legal team to ensure contracts, purchase orders etc are in place Champion and role model the DeepMind culture and values","Understanding or experience in HR, ER or Legal domains Understanding and experience of different types of project management practices and methodologies and how to use and adapt these accordingly You are driven by fairness, high quality delivery and standards, and care deeply about people. You instil trust and instinctively act with absolute discretion and diplomacy, and apply sound judgement in responding to all circumstances You are very resilient, and can read volatile and unpredictable situations and act appropriately You’re a self-motivated and driven individual with the ability to work independently, achieve goals with ambiguity, and implement structure and clarity. Highly organised with the ability to juggle multiple tasks and prioritise effectively You are a champion of change and have experience guiding teams through this, clearly explaining the purpose and goals Ability to build relationships and foster trust with a diverse group of people and partners You believe in the value of teamwork and can constructively challenge others and provide feedback when required You are able to listen to different views and challenge your own assumptions, encouraging others to do the same Experience working in a rapidly changing and dynamic environment Experience and knowledge of using standard office tools in G-suite",DeepMind,2022-07-01 07:40:10-04:00
4,Executive Assistant Manager,2191735,https://boards.greenhouse.io/deepmind/jobs/4050310,"The Management Support Team (MST) are our team of Assistants at DeepMind. We are seeking a permanent MST Manager to join our London office. This role would suit someone who thrives in fast-paced, changeable environments and is looking to define their career within a company that could change the world.",,"You are a resilient individual who has previously worked as an Assistant supporting senior individuals with varying working styles; and you perform best in a fast-paced environment. Your colleagues describe you as positive, reliable, self-aware, kind, and efficient with a can-do attitude and an appetite for learning You have specific experience working within and managing a team of Assistants or support staff in fast-paced organisations You understand and value the critical role that an Assistant delivers in its ability to partner with Leaders, enable, optimise and provide solutions You are proactive, a self-starter and natural problem-solver; you see the gaps what needs to be done / what can be improved without guidance You are used to communicating both internally and externally, and you adapt your communication style accordingly in a thoughtful way A resilient nature, you remain calm even in the most stressful of situations; implementing changes as required, seeking understanding and learning from any setbacks You operate effectively, especially under conditions of uncertainty Preparation and research is second nature, allowing you to always stay one step ahead; you plan down to the very last detail You are committed and stay on top of things; you are willing to roll your sleeves up and get stuck in with anything; and your mentality means that no task is too big or too small A natural ability to form relationships with people quickly. You put people at ease, create understanding, influence and instil trust. You have a warmth about you and can read a situation and act appropriately, especially when corresponding with senior partners Hierarchy isn’t important to you; collaborating as a team and working towards our mission is what drives you every day Most of all, you instinctively act with absolute discretion and diplomacy, and apply sound judgement in responding to circumstances - predictable and unpredictable. Experience managing support staff would be an advantage This opportunity offers the chance to be a key part of something extraordinary and the opportunity to make a real difference. Competitive salary applies",DeepMind,2022-06-29 07:10:15-04:00
5,"Games Systems Engineer, Worlds",316392,https://boards.greenhouse.io/deepmind/jobs/469517,"We’re keen to hire a Games Systems Engineer to join our Worlds team, building games for AI agents.",,"You are a collaborative software engineer with a real passion for software creation and problem solving with an enthusiastic, can-do attitude to overcoming technical challenges. You’ll need a strong foundation in software engineering within a games setting and enjoy working on a wide range of challenging problems within a mission-driven team. In order to set you up for success as a Games Systems Engineer at DeepMind, we look for the following skills and experience: Proven C++ or C# programming experience Software design, development and testing Experience with one of the following: Tools development Game engines such as Unity or Unreal Build systems and asset pipelines Physics programming Performance optimisation Concurrent or distributed systems architecture In addition, the following would be an advantage: Rendering experience useful Basic understanding of maths and statistics Python programming Competitive salary applies",DeepMind,2022-06-29 07:10:15-04:00
6,Intelligence and Due Diligence Manager (Fixed Term Contract),2291008,https://boards.greenhouse.io/deepmind/jobs/4334170,,"Scale and manage DeepMind’s new Due Diligence Programme and the team coordinators Lead DeepMind’s Intelligence Programme and provide leadership to a team of analysts Provide custom tactical, operational and strategic intelligence reports / briefs for peers and senior collaborators Manage new and existing vendor / supplier contracts, to include budgets, purchase orders, and other administrative processes Establish deep expertise on intel collection requirements; serve as a conduit between intel providers and intel consumers Clearly and concisely articulate complex incidents and situations to a range of collaborators, from operational staff up to ExCo Provide support and participate in incident management as required",,DeepMind,2022-06-29 12:29:25-04:00
7,Organisational Development Partner (Fixed Term Contract),2295558,https://boards.greenhouse.io/deepmind/jobs/4348309,"DeepMind has a remarkable track record of scientific breakthroughs. Such extraordinary work is a direct result of the brilliant and diverse people we bring together. Our Operations team work together to maintain, optimise, and nurture our culture to create the best environment in the world for advancing AI research. A place where everyone’s expertise is recognised and where everyone is continually learning and supported to be the best leaders, managers, and collaborators they can be.",,"You are an established HR or OD professional (L5+), with experience of creating and implementing people related change programmes. You possess organisational development and design experience and are able to lead teams in the delivery of predefined roadmaps and / or project goals that will contribute towards the mission. You have proven experience of collaborating as part of a wider project team on a shared topic, using your knowledge to help design, plan and implement solutions. You have experience aligning people practices to fulfil business strategy, where necessary building innovative HR practices and frameworks yourself. You have knowledge of P&C topics and practices, and ideally you will also have some understanding of organisational psychology. As an advisor and coach, you have the courage to challenge decisions that pursue short-term goals at the expense of the overall health of the company. You are an excellent communicator, bringing others along with you. You have strong stakeholder management and influencing skills. You are open and curious, listening to feedback from others and adjusting your plans based on challenges that arise along the way. You are organised, and comfortable working dynamically, balancing many different tasks at varying different levels of detail. You act with confidence and instil trust in everyone you interact with, delivering well thought through solutions. You can turn your hand to most things and if you don’t know the answer you are tenacious in finding out. You are entrepreneurial and enjoy managing your own work and leading projects, whilst collaborating well with others. You enjoy operating independently but love being part of a highly supportive and collaborative team. You share information and understand that succeed or fail, we do so as a team. You exemplify DeepMind’s values of pioneering responsibly and collaborating with kindness towards the mission.",DeepMind,2022-06-29 07:10:15-04:00
8,People & Culture Partner,2191469,https://boards.greenhouse.io/deepmind/jobs/4049618,"DeepMind has a remarkable track record of scientific breakthroughs. Such extraordinary work is a direct result of the brilliant and diverse people we bring together. Our Operations team work together to maintain, optimise, and nurture our culture to create the best environment in the world for advancing AI research. A place where everyone’s expertise is recognised and where everyone is continually learning and supported to be the best leaders, managers, and collaborators they can be.","Experience in delivering high impact solutions to challenges including organisation design, career development and leadership capability Extensive coaching and advisory experience; you enjoy partnering closely with managers to develop their skills and improve team performance Experience acting with confidence in inspiring and fast paced environments, instilling trust in everyone you interact with, and delivering thoughtful and bespoke solutions. Being proactive and adaptable - if you don’t know the answer you are tenacious in finding it out. Possessing a data driven approach to partnering A focus on continuous improvement (Kaizen approach), driving for progress versus results",,DeepMind,2022-06-29 07:10:15-04:00
9,People & Culture Partner / Associé(e) Personnel et Culture,2274944,https://boards.greenhouse.io/deepmind/jobs/4289471,"DeepMind has a remarkable track record of scientific breakthroughs. Such extraordinary work is a direct result of the brilliant and diverse people we bring together. Our Operations team work together to maintain, optimise, and nurture our culture to create the best environment in the world for advancing AI research. A place where everyone’s expertise is recognised and where everyone is continually learning and supported to be the best leaders, managers, and collaborators they can be.","Being the first dedicated people partner for the Paris office, building strong relationships with individuals and managers both in Paris and in London. Engaging with French Works Council and teams across Alphabet - collaborating and instilling trust with key stakeholders. Experience in delivering high impact solutions to challenges including organisation design, career development and leadership capability. Extensive coaching and advisory experience; you enjoy partnering closely with managers to develop their skills and improve team performance. Experience acting with confidence in inspiring and fast paced environments, instilling trust in everyone you interact with, and delivering thoughtful and bespoke solutions. Being proactive and adaptable - if you don’t know the answer you are tenacious in finding it out. Possessing a data driven approach to partnering. A focus on continuous improvement (Kaizen approach), driving for progress versus results.",,DeepMind,2022-06-29 07:10:15-04:00
10,"People & Culture Partnering Lead, Operations (Fixed Term Contract)",2232097,https://boards.greenhouse.io/deepmind/jobs/4164133,"DeepMind has a remarkable track record of scientific breakthroughs. Such extraordinary work is a direct result of the brilliant and diverse people we bring together. Our Operations team work together to maintain, optimise, and nurture our culture to create the best environment in the world for advancing AI research. A place where everyone’s expertise is recognised and where everyone is continually learning and supported to be the best leaders, managers, and collaborators they can be.","Extensive experience in delivering high impact solutions to challenges including organisation design, career development and leadership capability Extensive coaching and advisory experience; you enjoy partnering closely with senior leaders to develop their skills and improve team performance Experience acting with confidence in fast paced environments, instilling trust in everyone you interact with, and delivering thoughtful and bespoke solutions You have been a core decision maker, leading large, complex and scalable people efforts, where you had to navigate and balance tensions expertly You have a focus on continuous improvement (Kaizen approach), driving for progress versus results You are highly effective during times of ambiguity, forming key solutions and applying critical thinking in changing environments Proven people management, demonstrating the ability to develop capabilities of a team, drive improvement and encourage continual learning through coaching Demonstrates resilience and persistence in the face of adversity or obstacles, encouraging others to do the same",,DeepMind,2022-06-29 07:10:15-04:00
11,"People Partner, Mountain View",2180922,https://boards.greenhouse.io/deepmind/jobs/4022514,"DeepMind has a remarkable track record of scientific breakthroughs. Such extraordinary work is a direct result of the brilliant and diverse people we bring together. Our People and Culture team work together to maintain, optimise, and nurture our culture to create the best environment in the world for advancing AI research. A place where everyone’s expertise is recognised and where everyone is continually learning and supported to be the best leaders, managers, and collaborators they can be.","Experience in delivering high impact solutions to challenges including organisation design, career development and leadership capability Extensive coaching and advisory experience; you enjoy partnering closely with managers to develop their skills and improve team performance Experience acting with confidence in inspiring and fast paced environments, instilling trust in everyone you interact with, and delivering thoughtful and bespoke solutions. Being proactive and adaptable - if you don’t know the answer you are tenacious in finding it out. Possessing a data driven approach to partnering A focus on continuous improvement (Kaizen approach), driving for progress versus results Helping employees in international satellite offices feel connected and integrated with the company headquarters.","In order to set you up for success as a People & Culture Partner at DeepMind, we look for the following skills and experience: You have substantial experience operating as an HR professional, preferably some of which was in a small but fast growing business, where you had to build innovative HR practices and frameworks yourself You enjoy a blend of partnering and project work and can seamlessly move from one to the other You possess an outstanding understanding of human behaviour including a firm understanding of self You are able to build solid relationships with people quickly; you put them at ease and create understanding. You enjoy spending time with people and have a high sense of empathy. Being extremely organised, you are used to working at a very quick pace and balancing many different tasks. You are proactive and see what needs to be done. You can effectively navigate ambiguity and enjoy changeable environments where you can implement creative and innovative ideas. You enjoy variety and feel that no task is too big or too small. You are inventive and enjoy managing your own work and projects. You like operating independently but also love being part of a highly encouraging and collaborative team. You share information and support the growth and development of others in your team and understand that succeed or fail, we do so as a team. You are looking for a career defining role and are ready to commit to our long term mission. The chance to be a key part of something extraordinary, the opportunity to make a real difference! Competitive salary applies",DeepMind,2022-06-29 07:10:15-04:00
12,"Product Manager, Applied, Mountain View",1446798,https://boards.greenhouse.io/deepmind/jobs/2381777,"Artificial Intelligence could be one of humanity’s most useful inventions. At DeepMind, we’re a team of scientists, engineers, machine learning experts and more, working together to advance the state of the art in artificial intelligence. We use our technologies for widespread public benefit and scientific discovery, and collaborate with others on critical challenges, ensuring safety and ethics are the highest priority.","Identify new high-potential technologies within DeepMind that could have a groundbreaking impact. Create technology vision and build the case for DeepMind and partners, including Google, to invest in new product development. Develop product requirements for research grounded products to scale. Work with partners to formulate use cases, product execution, and to sell our technologies to their end customers, being a full partner in product development. Build strong partnerships across Alphabet and understand the top priorities for different teams to evaluate where DeepMind’s research can have the largest impact.","In order to set you up for success as a Product Manager at DeepMind, we look for the following skills and experience: BSc or MSc in Computer Science or equivalent technical field Passion for AI / ML and their real world applications In addition, the following would be an advantage: Previous experience in Software Engineering or Product Management MBA Competitive salary applies.",DeepMind,2022-06-29 07:10:15-04:00
13,"Product Manager, Applied, New York",1446798,https://boards.greenhouse.io/deepmind/jobs/4330023,"Artificial Intelligence could be one of humanity’s most useful inventions. At DeepMind, we’re a team of scientists, engineers, machine learning experts and more, working together to advance the state of the art in artificial intelligence. We use our technologies for widespread public benefit and scientific discovery, and collaborate with others on critical challenges, ensuring safety and ethics are the highest priority.","Identify new high-potential technologies within DeepMind that could have a groundbreaking impact. Create technology vision and build the case for DeepMind and partners, including Google, to invest in new product development. Develop product requirements for research grounded products to scale. Work with partners to formulate use cases, product execution, and to sell our technologies to their end customers, being a full partner in product development. Build strong partnerships across Alphabet and understand the top priorities for different teams to evaluate where DeepMind’s research can have the largest impact.","In order to set you up for success as a Product Manager at DeepMind, we look for the following skills and experience: BSc or MSc in Computer Science or equivalent technical field Passion for AI / ML and their real world applications In addition, the following would be an advantage: Previous experience in Software Engineering or Product Management MBA Competitive salary applies.",DeepMind,2022-06-29 07:10:15-04:00
14,"Product Manager, Platform",2246718,https://boards.greenhouse.io/deepmind/jobs/4205563,"We’re looking for a Product Manager who is interested in developing strategy, alignment, and delivery of the tools and technology that aid Artificial General Intelligence (AGI) research. Technical experience preferred, but no machine learning knowledge is required for this role.",,"What we are looking for in a PM: You are an effective strategist who is comfortable engaging partners. You are able to create a coherent strategy from many requirements. You can communicate and motivate this strategy effectively among partners like engineering leads, program managers and other stakeholders. You are confident in engaging researchers. While not an ML specialist yourself, you have some programming experience in scripting languages and query engines. You might have used ML-related frameworks such as TensorFlow, PyTorch, Colab, pandas and can broadly understand active research and their requirements. You can then translate these requirements into strategy. You are comfortable with qualitative and quantitative user research methods. Navigating stakeholders and building partnerships. You are able to identify key stakeholders, develop an engagement plan, and manage as needed. You feel comfortable engaging with the PM network in Alphabet. You are an excellent communicator. You know how to analyse, interpret, and summarise various streams of input (surveys, usage analytics, etc). You have the ability to distil complex ideas to their essence. You can collaborate with a wide set of partners including designers, product managers, and software developers. As well as having an interest in our mission and AI / Machine Learning. Organised thinking around ML Tooling. You are capable of indexing and reviewing all our ML Tooling. You can identify our contributions and assess impact to the community. You can map and articulate how various tooling fits within the ecosystem. Qualities that are an asset You have a strong interest or passion in AI or experience with ML You have a background in Data Science / Analytics, Software Engineering, and / or Computer Science You have an inquisitive mind and empathy for users You’re a pattern finder and problem solver You’re a strong collaborator and enjoy bringing your team along with you You have experience in bringing technology & tooling from concept to delivery If you don’t think you embody all the above criteria, please still seriously consider applying! This role is broad, and we’d be excited to discuss how you see yourself contributing across it, in particular the opportunities to learn and grow on the job. #LI-ER1",DeepMind,2022-06-29 07:10:15-04:00
15,"Program Manager, Applied",2246401,https://boards.greenhouse.io/deepmind/jobs/4246542,"The role of the Program Management team is to coordinate and enable our teams to be the best at what they do and to make fast-paced progress towards our mission. We continually pursue scalable and sustainable ways to optimize work on real world applications, cultivating an environment where people can be both highly collaborative and deeply creative, making responsible and pioneering research progress at pace. We build strong relationships with teams and team members, bringing clarity to ambiguity and providing stability during change. We continually deepen our domain knowledge, working alongside engineers, researchers, and product managers to execute on programs and projects with Google / Alphabet partners.","Manage the delivery of programs designed to achieve highly impactful applications of machine learning, keeping project teams focused and productive Deliver on cross-functional efforts to scale efficient operations and team development; evaluate and improve processes, tools, templates and documentation for repeatability and sustainability Conduct regular retrospectives on successes and failures and provide independent analysis; share lessons and insights across the wider business Learn new business and technical skills quickly, adapt to changing environments while providing day-to-day coordination and quality assurance for projects and tasks Lead and develop a dedicated team of program managers, assuming accountability for project allocations and goal delivery","We highly value strong Program Managers who are willing to help out with whatever moves our projects forward. Extensive knowledge and expertise in program management, able to navigate through ambiguity and adjust and adapt plans and strategies as project conditions change Able to foster respect, inclusion, and collaboration when working with teams, and skilled in building relationships and fostering trust with a diverse group of people Excellent communication skills, with the ability to distill complex ideas to their essence Experience operating autonomously with multiple teams distributed across time zones, with the ability to balance multiple projects and prioritize effectively Line management experience Proactive about learning and acquiring knowledge to enhance your domain knowledge Technical degree or equivalent working knowledge Curious to learn about AI / machine learning research, and excited by the opportunity to solve AGI and the benefits this can bring to our world Preferred experience: Demonstrated understanding of how to successfully work with, advocate for and develop talented people from a wide variety of backgrounds, including non-traditional ones",DeepMind,2022-06-29 07:10:15-04:00
16,"Program Manager, Operations",2202844,https://boards.greenhouse.io/deepmind/jobs/4169725,"The role of the Program Management Team is to organise and enable our research teams to be the best at what they do and to make fast-paced progress towards our mission. We continually pursue scalable and sustainable ways to optimise research, striving to ensure we cultivate an environment where people can be both highly collaborative and deeply creative, making responsible and pioneering research progress at pace. We build strong relationships with teams, bringing clarity to ambiguity and providing stability during change. We are active, curious and thoughtful about deepening our understanding of people; their preferences, their needs and their work. We use our coaching skills to support and enable people and teams to do their best work together. We continually deepen our domain knowledge, working alongside researchers and engineers to ensure all our work is advancing towards our mission.","End to end project planning and delivery across Operations teams, utilising knowledge of project methodologies including tools and techniques such as stand ups, retrospectives, agile boards and project plans to deliver solutions Collaborate and partner with Operational Team Leads to understand their objectives, vision and strategy Be responsible for the full portfolio of these teams’ initiatives, working with leaders across the organisation to ensure alignment with the organisation’s overall mission and to deliver meaningful impact Lead a team of program managers to deliver against a range of objectives within Operations, providing leadership, advice and guidance on projects and programs Invest in the development and capabilities of your team, driving improvement and encouraging continual learning through coaching Lead brainstorms and idea sharing, support the team to simplify complex problems and assert influence over outcomes and solution Track progress, maintain up to date information and relevant documentation and anticipate and propose solutions to issues and risks and share critical information with key partners Evaluate the success of programs against their aims, goals and objectives, and share lessons and insight across the wider business Facilitate conversations, meetings and opportunities for collaboration to drive the best outcomes, ensuring you bring clarity where ambiguity exists Drive engagement across the team by building relationships, sharing constructive feedback and challenging established ways of thinking Conduct regular retrospectives on successes and failures and provide independent analysis","Extensive knowledge and expertise in program management, with the proven skill to navigate through ambiguity and adjust and adapt plans and strategies as project conditions change Experience supporting teams in fast-paced and constantly changing environments, acting as a sounding board and coach as individuals go through the change cycle Depth of knowledge and experience in utilising coaching techniques to support individuals from a diverse set of backgrounds in a dynamic and pioneering environment Experience in managing a team to effectively deliver programs and projects that cover the breadth of Operations Experience in solving challenging operational challenges, implementing scalable and sustainable solutions, bringing simplicity to complex process and ideas Strong communication skills, ability to develop meaningful relationships with key partners and use this to influence outcomes You are proactive about acquiring knowledge to enhance the impact you have, demonstrate a curious attitude, and a commitment to learning and understanding more about work within Operations You are demonstrably passionate about solving AGI, proactive about learning and acquiring knowledge to enhance your domain knowledge",DeepMind,2022-06-29 07:10:15-04:00
17,"Program Specialist, Games (Fixed Term Contract)",2131936,https://boards.greenhouse.io/deepmind/jobs/3890486,"We are keen to hire a Programme Specialist, on a one year contract, for our Worlds team to work on a number of medium term projects in a mission-driven team.","Support the team with all required elements of end-to-end project planning and delivery, using your knowledge of project methodologies including tools and techniques such as stand ups, retrospectives, agile boards, project plans; remove blockers and ensure teams are enabled to do their best work Facilitate conversations, meetings and opportunities for collaboration to drive the best outcomes; create connections and relationships Track progress, maintain up to date information and relevant technical documentation, anticipate and propose solutions to issues and risks Identify opportunities to improve ways of working, tools or processes and suggest solutions Lead brainstorms and idea sharing, help to identify key themes, simplify complex problems and discover solutions Support the drive for engagement across the team by building and maintaining relationships, sharing constructive feedback, challenging established ways of thinking and encouraging them to achieve their full potential Evaluate the success of programs against their aims, goals and objectives Demonstrate a curious attitude and a commitment to learning and understanding your teams technical field, and your broader understanding of AGI, in order to inform how you enable people, teams and optimise research","Knowledge and expertise in project / program management with the skill to navigate through ambiguity and adjust and adapt plans and strategies as project conditions change Experience supporting teams to deliver projects Experience in solving complex challenges, implementing scalable and sustainable solutions Willingness to dive into details, processes and actions as needed, to help the project operate at pace and to ensure nothing falls behind Knowledge and experience in supporting individuals in a robust environment and during times of change Strong communication skills, ability to develop relationships with key partners and use these to influence action and outcomes Skilled in all aspects of creating and delivering impactful presentations You are very organised, are highly effective at prioritisation, and have an appetite for working in a very fast paced, changeable environment. You are passionate about solving AGI, proactive about learning and acquiring knowledge to enhance your domain knowledge Competitive salary applies",DeepMind,2022-06-29 07:10:15-04:00
18,"Program Specialist, Workplace",2285681,https://boards.greenhouse.io/deepmind/jobs/4319501,"At DeepMind, we've built a unique culture and work environment where long-term ambitious research can flourish. As we continue to grow, we are now keen to hire an experienced Program Specialist to join our team and partner specifically with our Workplace Innovation and Experience (WIX) division. This team includes Workplace Operations, Travel, Events, AV Production, Security Operations, Real Estate Projects, Systems and Management Support teams. WIX is central to how we enable our people to make and demonstrate world leading breakthroughs in AI. This role would suit someone who thrives in fast-paced, changing environments.",,"We’re looking for a hardworking and ambitious individual who wants to be part of an outstanding team, in an inspiring and collaborative environment. This is your chance to play a key role in something extraordinary with the opportunity to have real impact! In order to set you up for success as a Program Specialist at DeepMind, we look for the following skills and experience: Deep knowledge and expertise of program and portfolio management including adapting methodologies and tools to suit the needs of the team and of the project You have experience and interest in program managing complex high profile programs, along with organisational change management Experience working cross-functionally, collaborating with a variety of teams and partners, and experience handling external vendors and agencies to deliver on projects and programs Outstanding communication and influencing skills and can use these when interacting with key partners Relevant experience in building relationships with people with a wide range of experience You display a curious mentality and seize opportunities to acquire new knowledge.",DeepMind,2022-06-29 07:10:15-04:00
19,Research Engineer - AlphaFold Improvements,2258969,https://boards.greenhouse.io/deepmind/jobs/4243697,"Our special interdisciplinary team combines the best techniques from deep learning, reinforcement learning and systems neuroscience to build general-purpose learning algorithms. We have already made a number of high profile breakthroughs towards building artificial general intelligence, and we have all the ingredients in place to make further significant progress over the coming year.","Plan and perform rapid prototyping of machine learning techniques applied to problems in science. Undertake exploratory analysis to inform experimentation and research directions. Make improvements to model architectures and training procedures of machine learning models. Implement tools, libraries and frameworks to speed up and enable new research. Report and present software developments, experimental results and data analysis clearly and efficiently. Collaborate with internal and external scientific domain experts.","In order to set you up for success as a Research Engineer at DeepMind, we look for the following skills and experience: Masters degree in computer science, electrical engineering, science, mathematics or equivalent experience. Applied experience with machine learning, preferably modern deep learning architectures (e. g. Transformers, CNNs, LSTMs). Experience with at least one programming language (with a preference for those commonly used in machine learning or scientific computing such as Python or C++). Familiarity and experience with at least one of the following: TensorFlow, PyTorch, Jax, NumPy, Pandas or similar ML / scientific libraries. Knowledge of linear algebra, calculus and statistics equivalent to at least first-year university coursework. Experience exploring, analysing and visualising data. In addition, the following would be an advantage: Experience working with large and noisy datasets. Experience collaborating across fields. Nice to have: Scientific knowledge (particularly biology, chemistry and physics). When assessing technical background we will take a holistic view of the mix of scientific, ML and computational experience. We do not expect you to be an expert in all fields simultaneously. However, except for scientific knowledge, since the role serves as a bridge between all three, some experience in each is necessary. Candidates with particularly strong programming experience and less ML are encouraged to consider our Software Engineering role in the Science team. What we offer At DeepMind, we want employees and their families to live happier and healthier lives, both in and out of work, and our benefits reflect that. Some select benefits we offer: enhanced maternity, paternity, adoption, and shared parental leave, private medical and dental insurance for yourself and any dependents, and flexible working options. We strive to continually improve our working environment, and provide you with excellent facilities such as healthy food, an on-site gym, faith rooms, terraces etc. We are also open to relocating candidates to London and offer a bespoke service and immigration support to make it as easy as possible (depending on eligibility). Competitive salary applies. Please note: we will be reviewing applications on a rolling basis.",DeepMind,2022-06-30 06:43:19-04:00
20,"Research Engineer, Applied, Mountain View",633802,https://boards.greenhouse.io/deepmind/jobs/948921,"The Applied team collaborates closely with a wide variety of teams across Google / Alphabet, leveraging DeepMind expertise to deploy advanced machine learning algorithms with the goal of improving Alphabet products and services. We are a driven, collaborative, diverse team based in London and Mountain View. Our current and past engagements include teams in Cloud, Android, Assistant, Youtube and Maps. We collaborate closely with DeepMind's and Google's Research teams on several projects. Each project typically consists of a team of engineers working closely with our product partners and with our researchers, product managers and program managers.",,"We seek out individuals who thrive in ambiguity and who are willing to help out with whatever moves prototypes forward. We regularly need to invent novel solutions to problems, and often change course if our ideas don’t work out, so flexibility and adaptability to work on any project is a must. In order to set you up for success as a Research Engineer at DeepMind, we look for the following skills and experience: BSc, MSc or PhD / DPhil degree in computer science, mathematics, applied stats, machine learning or similar experience working in industry Strong knowledge and experience of Python or C++. Knowledge of machine learning and statistics. Knowledge of algorithm design. Proven experience of Tensorflow or similar ML frameworks (e. g. JAX) is highly desirable. Software Engineering experience and experience working on large-scale ML projects highly desirable. Proven experience working in industry, working on projects from proof-of-concept through to implementation highly beneficial. A passion for AI. Great communication skills and strong interpersonal skills. In addition, the following would be an advantage: Experience in applying experimental ideas to applied problems. Cross functional collaboration experience. Prior experience collaborating with researchers. Prior experience working with product teams. What we offer At DeepMind, we want employees and their families to live happier and healthier lives, both in and out of work, and our benefits reflect that. Some select benefits we offer: enhanced maternity, paternity, adoption, and shared parental leave, private medical and dental insurance for yourself and any dependents, and flexible working options. We strive to continually improve our working environment, and provide you with excellent facilities such as healthy food, an on-site gym, faith rooms, terraces etc. We are also open to relocating candidates to London and offer a bespoke service and immigration support to make it as easy as possible (depending on eligibility). Competitive salary applies. #LI-JR1",DeepMind,2022-06-29 07:10:15-04:00
21,"Research Engineer, Climate",2294195,https://boards.greenhouse.io/deepmind/jobs/4344519,"We're now creating an exciting new team focused on catalysing AI breakthroughs through non-commercial projects and partnerships, with an emphasis on reducing the carbon footprint of energy generation.","Foundational work in AI for Climate projects Be responsible for attaining and transforming data such that it can be useful for research Engage with DeepMind Research Scientists to identify potentially applicable techniques Implement, test and iterate machine learning models Productionising machine learning models and data pipelines Keep up to date with the state of the art in power systems engineering Collaborate with engineers, product managers and scientific domain experts. Contribute to the scientific knowledge and experience of the team with your own scientific domain knowledge. Contribute to external partnerships on behalf of DeepMind Work in collaboration with our Ethics and Governance teams to ensure our advances in intelligence are developed ethically and provide broad benefits to humanity.","In order to set you up for success as a Research Engineer at DeepMind, we look for the following skills and experience: Master’s degree in computer science, electrical engineering, science, mathematics or equivalent experience. Experience applying machine learning methods to real world data. Experience with at least one programming language (with a preference for those commonly used in machine learning or scientific computing such as Python and C++). Knowledge of linear algebra, calculus and statistics. Experience exploring, analysing and visualising data. Scientific background in electricity systems & infrastructure. In addition, the following would be an advantage: Experience with developing and deploying software in a production environment. Experience collaborating across fields. Experience using TensorFlow, Jax, NumPy, Pandas or similar ML / scientific libraries. Experience in open-source software and publicly-available code & the ability to ensure software artefacts (including codebases and data visualisations) meet open-source standards of readability, maintainability and reliability When assessing technical background we will take a holistic view of the mix of scientific, ML and computational experience. We do not expect you to be an expert in all fields simultaneously. Please include a cover letter when applying and tell us how you can make a difference to our team. Application Deadline: 31st July 2022. Please note, we will be reviewing applications on a rolling basis, up until the deadline. Competitive salary applies",DeepMind,2022-06-30 08:32:11-04:00
22,"Research Engineer, Security & Privacy",2240610,https://boards.greenhouse.io/deepmind/jobs/4189940,"As DeepMind continues to grow, we are seeking Research Engineers to join our new security and privacy team.","Devise novel or implement existing methods to assess, or to defend against, emerging risks to AI systems and associated data and infrastructure Partner with DeepMind Research and Engineering teams to conduct research in the areas of safety, security, and privacy Build tooling, infrastructure, and platforms that implement the latest research ideas in security and privacy of AI systems, at scale Set priority and vision for security and privacy, research and engineering initiatives Educate and bring awareness to security and privacy best practices and research at DeepMind, and the larger Google research community Establish thoughtful leadership and drive community engagement through external engagements, publishing, and open sourcing","To set you up for success as a Research Engineer at DeepMind, we look for at least the following skills and experience: Master’s degree in Computer Science, Machine Learning, Computer Vision, or equivalent Experience with at least one general purpose programming language (e. g. Java, Python, C++) and relevant ML frameworks (JAX, TensorFlow, PyTorch, scikit, etc. ) Experience leading research and tool development in one or more of the following: adversarial ML, differential privacy, confidential computing, vulnerability research, penetration testing (application, network), threat modelling, cryptographic systems, network security, identity and access management Experience and track record of publishing research and presenting on the security and privacy of machine learning systems, and presenting at machine learning conferences (CAMLIS, ICML, NeurIPS, ICLR, etc. ) Passion for AI safety, security and privacy research, (eg. adversarial machine learning, privacy-preserving machine learning, etc. ) In addition, the following would be an advantage: Experience discovering and responsibly disclosing security vulnerabilities Experience presenting research at well known security conferences (e. g. Black Hat, Def Con, BSides, etc. ) Competitive Salary applies",DeepMind,2022-06-29 07:10:15-04:00
23,Research Scientist,316391,https://boards.greenhouse.io/deepmind/jobs/469515,"At DeepMind, we've built a unique culture and work environment where long-term ambitious research can flourish. Our special interdisciplinary team combines the best techniques from deep learning, reinforcement learning and systems neuroscience to build general-purpose learning algorithms. We have already made a number of high profile breakthroughs towards building artificial general intelligence, and we have all the ingredients in place to make further significant progress over the coming year!","Design, implement and evaluate models, agents and software prototypes of perceptual processing. Report and present research findings and developments including status and results clearly and efficiently both internally and externally, verbally and in writing. Suggest and engage in team collaborations to meet ambitious research goals. Work with external collaborators and maintain relationships with relevant research labs and key individuals as appropriate. Work in collaboration with our Ethics and Governance teams to ensure our advances in intelligence are developed ethically and provide broad benefits to humanity.","In order to set you up for success as a Research Scientist at DeepMind, we look for the following skills and experience: PhD in a technical field or equivalent practical experience. In addition, the following would be an advantage: PhD in machine learning, neuroscience or computer science. Relevant experience to the position such as post doctoral roles, a proven track record of publications, or deep neural network architectures. A real passion for AI! Competitive salary applies",DeepMind,2022-06-29 07:10:15-04:00
24,"Research Scientist, Alignment",2223180,https://boards.greenhouse.io/deepmind/jobs/4136465,"At DeepMind, we've built a unique culture and work environment where long-term ambitious research can flourish. The Alignment team is responsible for identifying potential failures of intent alignment, and conducting technical research to prevent such scenarios from occurring. Our approach encourages collaboration with both the external AI alignment community, and all groups within the Research team at DeepMind.","Identify and investigate possible failure modes for current and future AI systems. Conduct empirical, conceptual, or theoretical research into technical alignment mechanisms that address these failure modes, in coordination with the team’s broader technical agenda. Collaborate with research teams externally and internally to ensure that AI research is informed by and adheres to the most advanced alignment research and protocols. Report and present research findings and developments to internal and external collaborators with effective written and verbal communication.","We look for the following skills and experience: PhD in a technical field or equivalent practical experience. In addition, the following would be an advantage: PhD in machine learning, computer science, statistics, computational neuroscience, mathematics, or physics. Research experience in and / or technical knowledge of AI alignment. A real passion for AGI safety. Competitive salary applies.",DeepMind,2022-06-29 07:10:15-04:00
25,"Research Scientist, Cognitive Science, Scalable Alignment",2239940,https://boards.greenhouse.io/deepmind/jobs/4187853,"Scalable Alignment Cognitive Science Research Scientists at DeepMind seek to design, implement, and understand training processes for machine learning systems that learn from human interaction, with the dual goals of using communication as a tool for safety and of mitigating harms caused by these models. The successful candidate will help design, conduct and analyse studies that may involve humans interacting with machines, and human-only experiments to target uncertainty unreachable when machines are involved.","Improve our understanding of what it means for an agent to do what humans want and design research plans and evaluation schemes that accurately measure this. Design, implement, and understand experiments that probe human uncertainties around machine learning from human interaction, including both mixed human / machine experiments and human-only experiments. Collaborate with research teams externally and internally to ensure that SAT’s work acts as a piece of a unified safety plan for AGI. Report and present research findings and developments to internal and external collaborators with effective written and verbal communication","We do not require candidates to have experience with machine learning, but you should be excited to collaborate with people who do! We look for the following skills and experience: PhD in cognitive science or psychology or similar, or equivalent practical experience. Experience designing, running, and analysing online experiments involving human participants, with a track record of published work using these methods. Experience optimising experiments for high-quality behavioural data collection, as well as with the relevant ethical and data protection considerations that accompany this approach. Fluency in Python. In addition, the following would be an advantage: Experience with large-scale online data collection Experience with customised UI / survey design to optimise participant experience and data quality. Experience with thorough data quality analysis. High-level understanding of ML and / or AI alignment. A passion for making AGI go well. Competitive salary applies.",DeepMind,2022-06-29 07:10:15-04:00
26,"Research Scientist, Continual Learning",1993517,https://boards.greenhouse.io/deepmind/jobs/3541486,Research Scientists at DeepMind lead our efforts in developing novel algorithmic architecture towards the end goal of solving and building Artificial General Intelligence.,"Design, implement, and evaluate models, agents and training algorithms for large-scale continual learning. Report and present research findings and developments including status and results clearly and efficiently both internally and externally, verbally and in writing. Engage actively in team collaborations to meet research goals. Work with external collaborators and maintain relationships with relevant research labs and individuals.","In order to set you up for success as a Research Scientist on this team, we look for the following skills and experience: PhD in a technical field or equivalent practical experience. In addition, the following would be an advantage: PhD in machine learning, neuroscience or computer science. Relevant experience to the position such as post doctoral roles, a proven track record of publications, or deep neural network architectures. A real passion for AI! Competitive salary applies.",DeepMind,2022-06-29 07:10:15-04:00
27,"Research Scientist, Human-centred AI",2238198,https://boards.greenhouse.io/deepmind/jobs/4183083,,"Designing, implementing and evaluating models, agents and software for ethical deployment in environments involving interaction with humans Applying and developing RL methods and scalable pipelines to train AI agents that interact effectively with humans and other agents Designing new experiments that involve interactions between humans and AI systems, using Python UI libraries and potentially other web server technologies. Analysing the behavioural and agent data collected in ways that address key scientific questions Reporting and presenting research findings and developments including status and results clearly and efficiently both internally and externally, verbally and in writing. Engaging in team collaborations to meet ambitious research goals. Work with external collaborators and maintain relationships with relevant research labs and key individuals as appropriate. Work in collaboration with our Ethics and Governance teams to ensure our advances in intelligence are developed ethically and provide broad benefits to humanity.",,DeepMind,2022-06-29 07:10:15-04:00
28,"Research Scientist, Long-term Strategy & Governance",1934710,https://boards.greenhouse.io/deepmind/jobs/3402612,"On the Long-term Strategy and Governance Team, we help DeepMind and the world prepare for a world with advanced AI. We map out AI’s potential risks and opportunities from a long-term, global perspective. We work to envision and build recommendations for better governance of AI, identifying actions, norms, and institutional structures that could improve decision-making around advanced AI. We are a collaborative team, with expertise spanning political science, international relations, technology policy, economics, history, institutional design, ethics, and philosophy, and technical AI domains.","Propose, contribute to, and lead research projects related to long-term strategy and governance at DeepMind. Build and contribute to internal and external collaborations, through involvement in working groups, presentations, and the writing of memos. Prepare briefings and recommendations for DeepMind leadership. Monitor trends and developments in the AI landscape and implications for long-term strategy and governance. Produce insightful, engaging and actionable research papers, memos and risk analysis that are easily digestible by internal decision makers and external stakeholders. Proactively build relationships across the company to inform your research and find opportunities for how your work can support other teams. Monitor relevant external developments closely, cultivate relationships with external domain experts and partners, and share targeted updates with internal audiences. Work in collaboration with our Ethics and Governance teams to ensure our advances in intelligence are developed ethically and provide broad benefits to humanity.","In order to set you up for success as a Research Scientist at DeepMind, we look for the following skills and experience: Master’s degree or equivalent research or practical experience in a relevant field. Analytical skills. The ability to come up to speed quickly on sophisticated political, social, and technical topics. Ability to collaborate with a diverse and interdisciplinary range of stakeholders. Ability to synthesise complex material into accessible documents, tailored to different audiences. In addition, the following would be an advantage: PhD or equivalent research or practical experience in a relevant field. Familiarity with policy-making in and history of major governments relevant to AI, and the global political economy or governance of AI. Generalist with a breadth of abilities. Expertise in a relevant field (e. g. political science, international relations, technology policy, economics, history, institution design, philosophy). Experience incorporating the perspectives and interests of a diverse range of communities, groups and partners. Excellent communication, writing, and presentation skills. Technical AI knowledge. Competitive salary applies",DeepMind,2022-07-01 10:29:18-04:00
29,"Research Scientist, Machine Learning, Scalable Alignment",2239951,https://boards.greenhouse.io/deepmind/jobs/4187868,"At DeepMind, we've built a unique culture and work environment where long-term ambitious research can flourish. Our special interdisciplinary team combines the best techniques from deep learning, reinforcement learning and systems neuroscience to build general-purpose learning algorithms. We have already made a number of high profile breakthroughs towards building artificial general intelligence, and we have all the ingredients in place to make further significant progress over the coming year!","Improve our understanding of what it means for an agent to do what humans want even in subtle cases, and design research plans and evaluation schemes that accurately measure this. Design, implement, and understand training processes for agents that learn from human interaction, incorporating ideas from machine learning, cognitive science, and related areas. Collaborate with research teams externally and internally to ensure that SAT’s work acts as a piece of a unified safety plan for AGI. Report and present research findings and developments to internal and external collaborators with effective written and verbal communication.","We look for the following skills and experience: PhD in a technical field, or equivalent practical experience. In addition, the following would be an advantage: PhD in machine learning, computer science, statistics, computational neuroscience, mathematics, or physics. Research experience in and / or technical knowledge of AI alignment or natural language processing. A passion for making AGI go well. Competitive salary applies.",DeepMind,2022-06-29 07:10:15-04:00
30,"Security Operations Manager, Global Security",2296907,https://boards.greenhouse.io/deepmind/jobs/4351946,,"Support the day-to-day physical and technical security of DeepMind’s London headquarters and its international offices Support DeepMind’s global activities, from international travel to attendance at conferences Implement and deliver Alphabet and DeepMind security policies and procedures Partner with Alphabet to craft and implement physical and technical security measures Supervise multiple vendors and a 24-hour security team, including a 24-hour Security Operations Centre (SOC) Fulfil a primary role in DeepMind’s Incident Management (IM) Provide security management for local and regional events Flexibility to work out of hours when required e. g. emergencies and security incidents Infrequent international travel will be required","Minimum undergraduate degree in a related subject, or equivalent work experience 6+ years work experience, preferably in the police, government or in corporate security Experience working in a 24-hour physical and technical security operation Knowledge of technical security measures, including CCTV and access control Good management and leadership skills, and the ability to create a positive team environment Strong interpersonal and communications skills Must thrive in dynamic environments with the ability to prioritise incidents and make sound decisions when working under pressure Must be innovative and resourceful, and motivated by a desire to take the initiative and find solutions to complex problem Preferred Experience: A qualification or certificate in risk management Background in Environment, Health and Safety standards and practices Experience and / or interest in cyber security Competitive salary applies #LI-NS1",DeepMind,2022-06-29 07:10:15-04:00
31,"Software Engineer, Games",316392,https://boards.greenhouse.io/deepmind/jobs/3330088,"We’re keen to hire a Software Engineer to join our Worlds team, building games for AI agents.",,"You are a collaborative software engineer with a real passion for software creation and problem solving with an enthusiastic, can-do attitude to overcoming technical challenges. You’ll need a strong foundation in software engineering within a games setting and enjoy working on a wide range of challenging problems within a mission-driven team. In order to set you up for success as a Games Systems Engineer at DeepMind, we look for the following skills and experience: Software design and concurrent or distributed software architecture Proven C++ or C# enterprise programming experience In addition, the following would be an advantage: Rendering or 3D simulation experience Experience with build systems, tools development or performance optimisation Basic understanding of maths and statistics Python programming Competitive salary applies",DeepMind,2022-06-29 07:10:15-04:00
32,"Software Engineering Manager, Games",2249295,https://boards.greenhouse.io/deepmind/jobs/4213171,We’re looking for a Software Engineering Manager who is passionate about combining their technical expertise and people management skills to help shape and develop our multidisciplinary team.,,"You are a collaborative software engineer that has learned you gain as much satisfaction from managing, coaching and enabling other engineers to do their best work as you do from solving technical problems and figuring out the bigger-picture systems needed to make a team successful. We look for the following qualities in a Software Engineering Manager: You actively mentor and support your team members. You have experience as a people manager, or a strong interest in developing as one. You take responsibility for the success & development of your direct reports and for holding them accountable for the delivery of great work. You work well within teams. You have worked on multi-disciplinary software projects and / or game projects. You participate in technical discussions, ask insightful questions, and work with the team to pull together scoping, schedules, and solutions to issues. You bridge the gap with less-technical team members and make them feel included. You build momentum on projects. You spot bumps ahead in the road and help the team steer around them. You know from experience that not every issue when developing software is technical and have developed ways to identify and improve any process, people and organisational challenges that slow teams down. You help teams determine the right trade-offs between short and long-term priorities. You are excited about how games technology can support DeepMind’s mission. You see the huge potential for how simulation and game-like environments can be used for research, and are excited to put your technical expertise towards the many big challenges we’ll need to solve as our experiments continue to scale Technical abilities & interests: Proven C++ or C# programming experience Software design, development and testing Experience with one of the following: Tools development Game engines such as Unity or Unreal Build systems and asset pipelines Physics programming or 3D simulations Performance optimisation Concurrent or distributed systems architecture In addition, any of the following would be an advantage: Rendering Basic understanding of maths and statistics Python programming Competitive salary applies",DeepMind,2022-06-29 07:10:15-04:00
33,"Software Engineer, Platform",998037,https://boards.greenhouse.io/deepmind/jobs/1574260,We’re looking for someone who is passionate about building infrastructure and products to help enable research at scale. No machine learning experience is required for this role!,,"Minimum qualifications: SWE interpersonal skills (discuss technical ideas effectively with colleagues, e. g. through whiteboard, design docs, presentations, etc. ) Experience with object-oriented programming languages. Solid understanding of algorithm design. An interest in DeepMind's mission Qualities that are an asset: Experience with implementing multi-threaded / concurrent / distributed software systems. Experience with database systems and other data storage systems Familiarity with large system software design and development. Familiarity with systems that manage compute clusters",DeepMind,2022-06-29 07:10:15-04:00
34,Systems Administrator,2233852,https://boards.greenhouse.io/deepmind/jobs/4170017,,"Responding to technical questions and issues via chat and ticketing tools High level of attention to detail when following documented processes Communicate with end users via tickets or direct messages with clear, friendly and informative updates Follow standard workflows for onboarding new DeepMinders ensuring their introduction to tech support is a positive experience. Follow team procedures accurately and efficiently to ensure a consistent service is provided. Feedback on team processes and advancements","Some Linux, Mac experience Demonstrates transferable problem solving skills Able to deal tactfully, calmly and effectively with a wide range of stakeholders Experience of Google Workspace Experience of Google Cloud Platform Wants to go the extra mile for others, no task is too big or too small Ability to work effectively as part of a geographically remote team. Comfortable working independently, taking responsibility for standard tasks and workflows. A willingness to learn and improve their skill set Please include a cover letter with your application",DeepMind,2022-06-29 07:10:15-04:00
35,Team Coordinator (Rotation Programme),2292131,https://boards.greenhouse.io/deepmind/jobs/4338627,"A Rotation Programme Team Coordinator is a driven, highly organised person with a self starter approach. This role provides the opportunity to partner with multiple people and teams, as it involves rotating across Research, Operations, Engineering and Applied Research every 6 months over a 2 year period. Gaining a unique perspective of DeepMind, you will be supported in developing an invaluable range of skills and experiences along the way.",,,DeepMind,2022-06-29 12:04:40-04:00
36,"Technical Program Manager, Applied",1773351,https://boards.greenhouse.io/deepmind/jobs/3029996,"The role of the Program Management team is to coordinate and enable our teams to be the best at what they do and to make fast-paced progress towards our mission. We continually pursue scalable and sustainable ways to optimize work on real world applications, encouraging an environment where people can be both highly collaborative and deeply creative, making responsible and groundbreaking research progress at pace. We build strong relationships with teams and team members, bringing clarity to ambiguity and providing stability during change. We continually deepen our domain knowledge, working alongside engineers, researchers, and product managers to execute on programs and projects with our partners.","Support the team with all required elements of end-to-end project planning and delivery, using your knowledge of project methodologies including tools and techniques such as stand ups, retrospectives, agile boards, project plans, etc. Track progress, maintain up-to-date information and relevant technical documentation, anticipate and propose solutions to issues and risks Lead brainstorms and idea sharing, help to identify key themes, simplify complex problems and discover solutions Work with your team to organize and optimize work into clear goals and objectives and evaluate the success of programs against their achievements See opportunities to improve ways of working, tools or processes Partner closely with your engineering team lead as a strategic thought partner Develop a coaching relationship with team members, sharing feedback, challenging established ways of thinking and inspiring them to achieve their full potential; enable them to collaborate, gain new perspectives and solve problems Facilitate conversations, meetings and opportunities for collaboration, both internally and externally (e. g. , with Google partners), to drive the best outcomes; create connections and relationships Support team-wide programs to scale efficient operations and team development; evaluate and improve processes, tools and documentation Demonstrate a curious mentality and develop technical know-how: engage with engineers and researchers, and understand technical language, systems, and techniques","We highly value strong Program Managers who are willing to help out with whatever moves our projects forward. You’ll need to display the following: Knowledge and expertise in project / program management with the skill to navigate through ambiguity and adjust and adapt plans and strategies as project conditions change Significant experience supporting teams to deliver projects in fast-paced and constantly evolving environments Experience solving complex challenges, and implementing scalable and sustainable solutions Highly organized with the ability to juggle multiple tasks and prioritize accordingly Ability to foster respect, inclusion, and collaboration when working with teams, and are skilled in building relationships and fostering trust with a diverse group of people Strong communicator, able to influence action and outcomes Able to listen to different views and challenge your own assumptions, encouraging others to do the same Proactive about learning and acquiring knowledge to enhance your domain knowledge Curious to learn about AI / machine learning research and engineering fundamentals, and excited by the opportunity to solve AGI and the benefits this can bring to our world Bachelor's degree in Computer Science or related technical field, or equivalent practical experience Competitive salary applies",DeepMind,2022-06-29 07:10:15-04:00
37,"Technical Program Manager, Data Team",2292971,https://boards.greenhouse.io/deepmind/jobs/4341082,We are looking for a Technical Program Manager to support a newly formed team looking after data at DeepMind.,,"In order to set you up for success as a Technical Program Manager at DeepMind, we look for the following skills and experience: Complex technical requirement gathering Partner management Significant experience supporting teams to deliver projects in fast-paced and constantly evolving environments Navigating, updating and defining sophisticated processes Experience managing / processing data Excellent technical understanding and communication ability, with the ability to distil sophisticated technical ideas to their essence Basic scripting and python knowledge In addition, the following would be an advantage: Experience collecting human behavioural data Background in experiment design including data analysis Experience project managing successful rollouts of large organisational / business initiatives Experience building relationships with external vendors Knowledge of GDPR and Privacy considerations of Personal Data Line Management / Mentoring Experience If you don’t think you embody all of the above criteria, please still seriously consider applying! This role (and therefore the requirements) is broad, and we’d be excited to discuss how you see yourself contributing across it, in particular the opportunities to learn and grow on the job. What we offer At DeepMind, we want employees and their families to live happier and healthier lives, both in and out of work, and our benefits reflect that. Some select benefits we offer: enhanced maternity, paternity, adoption, and shared parental leave, private medical and dental insurance for yourself and any dependents, and flexible working options. We strive to continually improve our working environment, and provide you with excellent facilities such as healthy food, an on-site gym, faith rooms, and terraces etc. We are also open to relocating candidates to London and offer a bespoke service and immigration support to make it as easy as possible (depending on eligibility) Competitive salary applies",DeepMind,2022-07-01 06:50:14-04:00
38,Visual Designer,2288469,https://boards.greenhouse.io/deepmind/jobs/4326695,"We are looking for a highly creative Visual Designer to join our in-house design team, part of our ambitious Creative and Marketing family. You will work under the supervision of a Creative Director creating impactful designs that draw on the values of DeepMind’s mission across digital and print!This is an opportunity to join a passionate, fast paced, craft driven team of visual storytellers working on the cutting edge of visual design for AI.",,"You are a passionate, experienced Visual Designer with a portfolio showcasing design for a wide range of touch points and situations. You have experience in working on broad, open briefs, iterating rapidly and coming up with smart, beautiful solutions to problems. You're highly collaborative and self motivated with solid graphic design foundations. You have a passion for design thinking, typography, design systems, colour theory and composition. No opportunity is too small for you to find creative and innovative ways to solve problems and communicate the answers. You produce quality work at pace. You thrive under pressure and relish the challenge of producing outstanding work that consistently exceeds expectations. You’re comfortable delivering across a broad range of touchpoints from digital to print. You seek out opportunities to follow your curiosity and step out of your comfort zone. You’ll be confident working with and internalising design systems, and with your keen eye for detail you apply brand guidelines consistently across a range of collateral. At heart you’re a creative problem solver who is intellectually curious. You’re intrigued by AI and keen to explore ways in which it can inform and inspire your work. Essential experience: Degree (or equivalent) in Graphic Design, Visual Communication, Interaction Design or similar. Proven track record as a Visual Designer in a digital or integrated environment Expert in the Adobe Creative Suite (Photoshop, Illustrator, InDesign). Some experience working with Figma. Strong practical understanding of UX and interaction design. Good working knowledge of printing processes and production including collaborating with suppliers. Comfortable delivering across print and digital. Exceptional communication skills with project managers, designers and developers. Experience presenting designs to stakeholders. Relish working at a fast pace, delivering often and iterating rapidly. High attention to detail and ability to work within established deadlines. Highly motivated, able to work unsupervised, problem solve proactively and effectively, multitask and prioritise workload. Desirable: Experience within After Effects. Familiarity with Cinema 4D. Experience with Webflow. Familiar with Asana or similar work management platforms. Basic understanding of Agile methodologies, such as Scrum / Kanban. Competitive salaries apply",DeepMind,2022-06-29 07:10:15-04:00
39,Workplace Manager,2163290,https://boards.greenhouse.io/deepmind/jobs/3977354,"At DeepMind, we relate our success directly to creating an outstanding workplace environment where work can thrive. To continue operating at our high standards, we’re seeking an experienced Workplace manager to join us. As an ideal candidate, you’ll be passionate about delivering a high-end 5* service. With previous experience in hotel, retail, office or related environments, you will have a proven track record in multi-site, multi-service environment, excellent stakeholder skills and experience in heading up transformative programmes. You’ll have demonstrated experience in operations covering multi-building, regional or international areas. You are an excellent communicator and will be driven by the pursuance of excellence and looking for ways to improve at all turns. Ultimately, you’re driven by the desire to lead a team toward creating an outstanding experience.","Focussed on the delivery of day-to-day operations, ensuring they are delivered to an outstanding standard, assigning regular performance goals and assuring their completion, while accomplishing your own goals Recruit, onboard, and develop high-performing people to achieve team and organisational objectives Provide mentorship and feedback to others, sharing knowledge and developing skill sets Maintain project timelines to ensure tasks are accomplished on time Develop, implement, and maintain budgetary and resource allocation plans Champion and lead by example ensuring all policies, procedures, standards, specifications, guidelines, training programs, and cultural values are clear","You will be experienced in operational delivery with experience as a people manager. Calm under pressure, you are proactive, solutions orientated and flexible. You enjoy building trusting relationships with an ability to develop, motivate and lead people. You will also be able to demonstrate the following: Strong decision-making capabilities Exceptional communication, collaboration, and delegation skills Experience developing and maintaining budgets Strong working knowledge of operational procedures Ability to establish relationships across all levels with internal and external partners. Experience working on cross functional initiatives end-to-end. From conceptualisation to delivery / adoption Experience with vendor management Comfortable with regular international travel Experienced project and / or change management, ideally across workplace projects / programmes Preferred (non-essential) Qualifications Degree or equivalent qualification in business management, operations or related field Previous performance evaluation experience Experience from a range of industries such as hospitality, retail as well as workplace welcome. Working knowledge of human resources processes",DeepMind,2022-06-29 07:10:15-04:00
