topic,Popularity,Word 0,Word 1,Word 2,Word 3,Word 4,Word 5,Word 6,Word 7,Word 8,Word 9,Word 10,Word 11,Word 12,Word 13,Word 14,Word 15,Word 16,Word 17,Word 18,Word 19,Word 20,Word 21,Word 22,Word 23,Word 24,Word 25,Word 26,Word 27,Word 28,Word 29
Topic 0,138,strategy,strategic,leadership,executive,drive,across,partnership,plan,lead,organization,cross,initiative,leader,influence,functional,develop,global,stakeholder,execution,term,team,insight,priority,growth,goal,business,execute,long,alignment,key
Topic 1,371,software,engineer,design,development,c,architecture,less,language,pattern,object,one,scaling,year,program,reliability,contribute,new,orient,current,internship,distribute,java,computer,scalable,non,professional,science,scale,modern,building
Topic 2,3198,employment,protect,medical,disability,status,accommodation,applicant,qualify,identity,genetic,perk,origin,religion,depend,regard,sex,marital,pregnancy,ancestry,mental,ordinance,affiliation,color,political,nature,law,consideration,national,sexual,age
Topic 3,175,cloud,compute,public,hybrid,migration,native,application,iaas,gcp,paas,container,adoption,modernization,kubernetes,certification,offering,workload,private,management,saas,virtualization,vmware,deployment,premise,microservices,preferr,api,equivalent,openshift,environment
Topic 4,1178,life,balance,member,culture,inclusion,mentorship,team,employee,personal,career,hour,earn,professional,learn,growth,amazecon,ethnicity,chapter,affinity,strike,happiness,celebrate,remind,tenure,reinforce,put,round,difference,conference,annual
Topic 5,4,operation,operational,management,process,support,improvement,vendor,efficiency,maintenance,manage,improve,ensure,initiative,global,performance,metric,operate,site,implement,team,workforce,workflow,plan,responsible,continuous,function,monitor,retail,center,op
Topic 6,794,bull,engineering,customer,cens,accommodation,css,medical,employment,disability,deliver,protect,qualify,delivery,applicant,status,lead,outcome,organization,expectation,collaboration,technical,mission,management,specialty,responsible,exceed,requestvia,planet,frontline,enable
Topic 7,518,engineer,software,information,code,design,scale,another,technology,user,product,versatile,project,retrieval,need,natural,fresh,feedback,language,artificial,switch,develop,network,enthusiastic,one,review,ui,display,massive,extend,testability
Topic 8,669,datum,analytics,big,sql,analysis,spark,insight,warehouse,etl,pipeline,hadoop,report,model,visualization,intelligence,use,scientist,science,bi,dataset,analytic,python,statistical,analyst,tool,tableau,source,process,decision,scala
Topic 9,270,infrastructure,platform,enterprise,grade,transform,technology,edge,digitally,business,clean,turn,cutting,territory,accelerate,industry,cloud,solution,leverage,organization,partner,solve,ability,trust,enable,growth,problem,deliver,customer,critical,country
Topic 10,452,game,engine,gameplay,studio,animation,art,xbox,ue,mobile,player,effect,overseas,character,cooperation,development,aaa,production,shenzhen,unity,console,unreal,shoot,love,pc,scene,strong,render,ability,good,plan
Topic 11,55,salary,colorado,compensation,minimum,range,bonus,sb,disclosure,equity,note,additional,office,hire,benefit,role,require,information,year,full,time,base,nest,insurance,certain,field,people,degree,incentive,term,practical
Topic 12,422,familiar,development,responsible,subsidiary,maintenance,csig,relate,wholly,proficient,good,construction,optimization,preferr,ability,etc,admission,major,strong,post,certification,certificate,communication,analysis,sense,fund,priority,algorithm,capability,promote,background
Topic 13,272,advertising,agency,grow,business,shape,online,digital,client,medium,market,advertiser,sales,relationship,range,persistently,mobile,cap,calibre,uncover,ability,instantly,bird,situate,analytic,solution,size,thousand,anticipate,uniquely,occur
Topic 14,39,support,every,troubleshoot,customer,provide,organization,issue,mission,achieve,cens,case,exceed,planet,expectation,person,day,empower,phone,resolution,group,connect,escalation,expert,help,product,matt,problem,window,subject,service
Topic 15,999,test,automation,quality,qa,automate,case,manual,assurance,tool,script,plan,bug,defect,report,tester,software,regression,engineer,execute,release,functional,framework,methodology,create,debug,selenium,perform,execution,use,functionality
Topic 16,417,sap,hana,abap,implementation,bw,fiori,sd,mm,configuration,business,module,solution,integration,consultant,fi,ecc,project,migration,fico,functional,knowledge,less,specification,support,finance,process,lead,consult,implement,global
Topic 17,16,check,background,requirement,require,security,cloud,screen,government,screening,pass,upon,thereafter,transfer,specialize,limit,two,meet,position,following,hire,include,every,role,year,customer,ability,datacenter,federal,co,criminal
Topic 18,882,security,threat,secure,vulnerability,incident,response,cyber,detection,protection,information,cybersecurity,attack,siem,penetration,identity,access,protect,endpoint,soc,assessment,authentication,posture,remediation,defender,management,malware,intrusion,safe,zero,attacker
Topic 19,194,attempt,era,something,never,invent,let,talk,call,along,thought,sell,possible,thing,think,ready,consult,refer,japanese,code,challenge,description,solve,problem,collaborate,market,new,make,good,technology,world
Topic 20,238,advertising,ad,advertiser,campaign,publisher,platform,brand,growe,sponsor,helping,revenue,programmatic,digital,advertisement,monetize,marketplace,impression,click,commerce,effective,display,experiment,online,dsp,intersection,result,ecommerce,new,rich,goal
Topic 21,407,machine,learn,ml,model,scientist,algorithm,deep,apply,vision,computer,tensorflow,python,nlp,science,language,pytorch,natural,problem,art,state,technique,speech,real,statistical,intelligence,statistic,engineer,neural,deploy,scale
Topic 22,30,sales,specialist,sell,deal,solution,revenue,territory,opportunity,pipeline,team,target,negotiation,value,exceed,close,prospect,enterprise,competitive,management,representative,field,business,coach,win,commercial,pre,growth,presentation,quota,crm
Topic 23,442,ux,user,design,designer,interaction,prototype,visual,people,researcher,create,wireframe,use,human,mockup,interface,behavior,follow,strategist,writer,usability,emotion,else,intuitive,inform,beautiful,ui,product,center,sketch,insight
Topic 24,65,product,launch,feature,roadmap,manager,management,user,define,consumer,cross,new,functional,vision,conception,requirement,closely,drive,development,guide,cycle,definition,break,influence,functionally,understand,world,lifecycle,need,prioritization,reason
Topic 25,106,project,management,manager,plan,scope,manage,delivery,deliverable,risk,schedule,coordinate,cost,resource,report,status,budget,timely,overall,track,process,lead,definition,progress,stakeholder,construction,direction,charge,ensure,implementation,responsible
Topic 26,569,market,campaign,channel,strategy,consumer,insight,brand,local,medium,message,go,plan,know,execute,marketer,event,unconventional,communication,execution,monumental,mundane,magic,epic,b,analytics,regional,ultimately,global,segment,digital
Topic 27,595,software,developer,development,blink,remains,plane,backbone,bank,proud,transaction,eye,client,today,safe,mind,internally,industry,whether,technique,world,late,lead,solution,complete,worldwide,run,approach,code,time,train
Topic 28,453,aw,web,summary,compute,service,architect,infrastructure,help,like,enterprise,adoption,year,within,builder,customer,startup,candidate,technology,practice,also,operational,migrate,lambda,would,professional,development,deep,senior,cost,dive
Topic 29,207,talent,candidate,recruit,hire,recruiter,source,recruitment,interview,acquisition,passive,manager,process,relationship,coordinator,timeline,assessment,closing,strategy,requisition,prioritize,innovative,sourcer,top,attract,leader,role,pool,track,manage,diversity
Topic 30,23,customer,need,success,engagement,solution,facing,help,professional,relationship,deliver,outcome,engage,delivery,role,helping,feedback,adoption,get,support,focus,obsess,trust,value,base,time,use,understand,satisfaction,leverage,contact
Topic 31,138,azure,platform,edge,container,engineering,workload,compute,distribute,scale,cxp,stack,host,drive,core,kubernetes,c,operate,require,iot,scenario,synapse,reliable,virtual,like,service,active,senior,preferr,software,cosmos
Topic 32,45,hardware,silicon,firmware,validation,device,embed,software,debug,soc,hw,driver,os,engineering,team,sw,kernel,electrical,server,development,level,develop,board,lab,powerful,c,chie,functional,fpga,interface,low
Topic 33,2,solution,architect,architecture,design,application,implementation,practice,architectural,platform,enterprise,technology,deployment,define,knowledge,integration,requirement,migration,deep,liaison,base,implement,good,hand,understand,domain,adoption,value,share,community,hybrid
Topic 34,197,wireless,rf,cellular,radio,signal,antenna,layer,protocol,phy,system,modem,g,lte,lab,bluetooth,firmware,simulation,gpp,connectivity,transceiver,sw,technology,algorithm,communication,analyzer,wifi,performance,embed,nr,mac
Topic 35,79,client,consultant,engagement,less,relationship,consult,delivery,transformation,expert,solution,understand,apply,knowledge,travel,cognitive,value,skill,facing,hybrid,trust,opportunity,deliver,specialist,help,expertise,activity,proposal,asset,advisor,requirement
Topic 36,51,android,device,mobile,compute,everyone,tablet,manufacturer,oems,smartphones,tvs,pixel,ecosystem,power,original,platform,world,connectivity,access,wearables,os,friend,super,kotlin,equipment,operate,window,play,economic,chrome,consumer
Topic 37,381,supply,chain,plan,demand,inventory,capacity,forecast,cscp,cost,management,logistics,material,fulfillment,source,provision,manufacturing,order,commodity,planner,optimization,distribution,execution,optimize,transportation,responsible,operation,drive,risk,disposition,spare
Topic 38,63,creative,brand,production,producer,campaign,art,design,marcom,director,visual,agency,designer,animation,social,communication,studio,team,asset,interactive,concept,film,digital,effect,motion,channel,idea,workflow,produce,ensure,budget
Topic 39,223,finance,financial,analysis,analyst,forecast,report,decision,investment,model,analytic,economics,plan,controllership,budget,insight,business,fp,senior,field,provide,corporate,make,support,key,metric,number,googol,nobody,strategic,mathematical
Topic 40,225,code,limitless,system,customize,vital,path,agile,translate,education,access,late,technology,developer,transform,integrate,career,globally,hand,enterprise,power,innovation,application,come,global,leader,future,environment,success,requirement,impact
Topic 41,174,googlers,everyone,build,company,cross,belonging,street,manage,world,around,finish,equity,disciplinary,project,globe,solve,truly,functional,clearly,whether,goal,sense,keep,schedule,aim,risk,cultivate,stay,communicate,inclusion
Topic 42,134,technician,center,equipment,electrical,datacenter,facility,co,maintenance,procedure,mechanical,safety,infrastructure,perform,construction,datum,critical,environment,operation,server,standard,training,site,forefront,maintain,inventory,complete,datacenters,rack,certification,troubleshoot
Topic 43,267,alexa,device,voice,echo,speech,team,summary,language,smart,day,home,customer,feature,natural,year,quality,key,architecture,fire,new,fun,pattern,scaling,assistant,make,answer,sr,deliver,edge,scientist
Topic 44,52,account,plan,executive,assign,relationship,management,business,consumption,adoption,opportunity,strategic,territory,maker,internal,drive,ensure,resource,develop,sell,execution,orchestrate,outcome,manager,manage,identify,level,leverage,proactively,revenue,success
Topic 45,373,network,infrastructure,protocol,route,troubleshoot,ip,center,tcp,sdn,switch,keep,bgp,connectivity,engineer,server,router,firewall,deployment,internet,run,linux,load,global,possible,ospf,traffic,dns,wan,ipv,mpls
Topic 46,376,partner,partnership,ecosystem,channel,relationship,internal,development,external,strategic,joint,build,identify,engagement,drive,across,collaborate,engage,sell,business,portfolio,team,enablement,grow,integrator,solution,isv,opportunity,agreement,align,play
Topic 47,30,system,operate,distribute,design,control,linux,scale,large,architecture,performance,reliability,component,level,fault,engineering,complex,unix,building,os,monitor,platform,integration,critical,implementation,engineer,edge,implement,high,build,availability
Topic 48,365,research,researcher,study,conduct,method,apply,science,scientist,field,survey,human,insight,finding,publication,quantitative,statistic,academic,phd,psychology,analysis,uxrs,scientific,computer,qualitative,user,usability,publish,behavior,uxr,journal
Topic 49,259,hr,employee,payroll,human,resource,talent,people,management,process,leader,support,change,compensation,workforce,relation,manager,organizational,relate,provide,role,workday,policy,company,q,improvement,coach,benefit,pxt,procedure,effectiveness
Topic 50,189,position,occupation,foreign,relate,com,ii,equivalent,year,degree,female,mathematics,affirmative,minority,employer,amz,field,title,science,computer,available,location,master,engineering,must,one,llc,accept,bachelor,iii,five
Topic 51,44,privacy,user,platform,datum,across,legal,infrastructure,governance,protection,device,preserve,feature,core,ml,ad,compliance,protect,engineering,building,build,gdpr,performant,enable,access,trust,framework,drive,differential,standard,monetize
Topic 52,207,program,manager,drive,management,cross,functional,stakeholder,metric,manage,define,year,improvement,across,initiative,delivery,tech,key,communicate,multiple,execution,identify,schedule,track,prioritize,development,success,launch,sr,organization,result
Topic 53,370,package,consultant,integrate,directive,numerous,effectively,consultative,tackle,implementation,expertise,business,mix,use,component,module,achieve,application,result,workday,knowledge,oracle,get,ready,various,mission,configuration,environment,take,highly,company
Topic 54,28,service,scale,large,distribute,highly,scalable,reliable,building,provide,delivery,develop,high,availability,monitor,site,know,run,device,support,wait,million,platform,thousand,secure,available,deliver,provider,internet,hundred,manage
Topic 55,6,skill,strong,ability,communication,candidate,excellent,environment,write,able,demonstrate,problem,verbal,pace,fast,analytic,must,detail,prove,self,solve,motivate,high,highly,successful,ideal,record,drive,interpersonal,attention,require
Topic 56,242,end,front,web,react,javascript,css,html,js,back,typescript,angular,vue,framework,node,technology,component,browser,interface,user,webpack,stack,full,ui,engineer,development,feature,responsive,edge,redux,page
Topic 57,265,de,ncia,para,em,com,ou,experi,veis,todas,defici,spitshine,eleg,pessoas,vagas,es,reabilitadas,conhecimento,n,dado,desenvolvimento,en,os,la,solu,da,banco,url,teste,arquitetura,que
Topic 58,108,search,ad,user,platform,chrome,rank,swe,map,relevance,world,query,large,around,scale,entirely,routinely,engine,retrieval,set,people,social,technological,achievement,scalability,take,know,engineer,heart,local,news
Topic 59,416,automation,devops,infrastructure,tool,linux,ci,kubernetes,cd,deployment,container,monitor,ansible,automate,python,engineer,script,jenkins,sre,docker,configuration,pipeline,openshift,continuous,use,deploy,bash,production,release,platform,etc
Topic 60,290,could,dedication,idea,passion,imagine,tell,accomplish,people,become,quickly,extraordinary,way,product,bring,found,join,entire,amaze,inspire,innovation,dynamic,new,leave,world,wonder,kind,environmental,effort,norm,everything
Topic 61,236,logistics,delivery,day,shift,order,transportation,company,last,process,mile,quality,one,f,area,station,manager,performance,ensure,associate,fulfillment,summary,graduate,improve,employee,every,goal,night,control,responsible,inventory
Topic 62,283,verification,coverage,silicon,design,formal,soc,verilog,uvm,chip,cpu,systemverilog,bench,block,rtl,ip,verify,assertion,debug,emulation,methodology,random,simulation,logic,architecture,engineer,develop,dv,plan,knowledge,test
Topic 63,240,content,writer,writing,edit,editorial,creator,story,documentation,audience,publish,localization,guideline,news,community,creation,digital,online,user,review,narrative,editor,create,material,voice,text,social,format,workflow,cohesive,write
Topic 64,135,middot,linux,excellence,identity,need,drive,create,knowledge,management,team,ndash,medical,protect,sci,wwl,investigate,workload,success,mcds,storytelling,ensure,plan,cxp,learn,design,feature,cloudknox,culture,subsidiary,competitive
Topic 65,406,medium,tv,amp,podcast,book,entertainment,vision,thank,although,bigger,engineer,array,remain,small,unify,huge,side,hold,example,behind,nimble,strengthen,server,music,exposure,ever,apis,software,deliver,one
Topic 66,287,camera,image,sensor,imaging,algorithm,sense,photo,photography,signal,isp,module,feature,hardware,vision,creativity,optical,pixel,environment,robustly,spectacular,people,iphone,develop,intrigue,mobile,old,computational,design,depth,computer
Topic 67,235,team,engineering,manager,lead,across,deliver,manage,building,drive,member,coach,leadership,people,build,high,scale,diverse,mentor,quality,make,look,focus,within,collaborate,closely,engineer,part,responsible,year,join
Topic 68,193,compliance,risk,control,audit,regulatory,process,management,assessment,standard,internal,ensure,monitor,governance,identify,requirement,report,information,regulation,review,quality,procedure,aml,conduct,team,iso,framework,legal,auditor,assurance,protection
Topic 69,235,database,sql,oracle,relational,db,server,postgresql,mysql,aurora,performance,tune,query,migration,nosql,availability,rds,mongodb,troubleshoot,distribute,dba,recovery,dynamodb,backup,pl,administrator,replication,engine,unix,basic,migrate
Topic 70,388,industry,technology,solution,capability,trend,understand,innovation,internet,healthcare,strategy,deep,knowledge,energy,expansion,industrial,ecological,dt,scenario,banking,automotive,entire,expert,relevant,promote,strong,retail,wonder,priority,insurance,environmental
Topic 71,416,application,java,web,spring,development,api,framework,javascript,rest,knowledge,react,integration,stack,microservices,js,html,apis,boot,css,angular,use,git,full,code,agile,develop,frontend,backend,json,ee
Topic 72,276,display,optical,optics,electrical,panel,module,characterization,simulation,oled,prototype,validation,metrology,model,matlab,design,technology,engineering,sensor,lab,ee,measurement,analysis,functional,failure,mechanical,engineer,performance,tft,touch,circuit
Topic 73,381,storage,distribute,file,disk,scale,block,large,datum,virtualization,exabytes,compute,infrastructure,c,object,thread,backup,world,san,plus,ubiquitously,persistent,blob,spectrum,ebs,scalability,iscsi,nfs,scalable,photo,engineer
Topic 74,300,procurement,supplier,contract,category,vendor,cost,management,source,negotiation,agreement,commercial,construction,negotiate,purchase,commodity,relationship,savings,manage,invoice,buyer,selection,activity,internal,estate,contractual,material,review,legal,deal,term
Topic 75,300,music,song,unlimited,million,playlist,access,listen,audio,podcast,hd,free,station,listener,artist,selection,voice,available,new,subscription,twitch,tv,curate,echo,release,also,additional,amazonmusic,spatial,cost,catalog
Topic 76,362,business,solution,analyst,requirement,insight,need,understand,intelligence,process,acumen,analysis,decision,result,model,use,opportunity,key,analyze,build,actionable,stakeholder,identify,expert,find,value,tech,new,bridge,subject,unique
Topic 77,702,video,prime,tv,movie,sport,stream,watch,live,audio,show,entertainment,event,original,television,device,medium,studio,pv,fire,summary,exclusive,future,playback,new,image,buy,million,real,team,rent
Topic 78,1445,technical,technology,engineering,expertise,concept,proof,science,demonstration,computer,competitive,support,complex,specialist,provide,explain,decision,pre,relate,software,audience,field,win,advisor,knowledge,leadership,blocker,non,integration,use,discussion
Topic 79,569,store,retail,shop,merchandising,know,staff,reseller,brand,within,time,connect,discover,online,get,excitement,ensure,stay,grocery,give,maintain,discuss,standard,knowledgeable,employee,product,every,day,deliver,fresh,outstand
Topic 80,393,payment,pay,card,commerce,invoice,credit,wallet,banking,merchant,transaction,cash,financial,platform,bank,reconciliation,order,process,money,debit,payable,fraud,billing,one,consumer,new,method,gift,purchase,b,online
Topic 81,850,app,ios,macos,feature,mobile,store,tvos,platform,watchos,swift,framework,software,tv,engineer,application,power,user,ui,objective,team,qa,cross,quality,ipados,help,new,photo,xcode,like,watch
Topic 82,450,safety,abuse,trust,health,policy,fight,fraud,user,safe,whs,enforcement,place,protect,analysis,ehs,analyst,spam,identify,internet,risk,escalation,ensure,malware,story,prevention,speed,occupational,enforce,hard,hijacking
Topic 83,430,accounting,report,financial,process,control,accountant,finance,gaap,reconciliation,activity,cash,invoice,company,audit,erp,improvement,ledger,ifrs,payable,general,cpa,controllership,month,principle,intercompany,statutory,name,payroll,ensure,entry
Topic 84,304,siri,ml,annotation,language,user,audio,assistant,analyst,speech,listen,play,evaluation,intelligent,comprehension,people,focus,ask,grading,attention,passionate,million,fluency,intelligence,device,even,team,response,natural,evaluate,usage
Topic 85,956,design,power,timing,circuit,chip,soc,physical,flow,analog,silicon,rtl,layout,signal,synthesis,cad,clock,logic,block,low,methodology,mixe,sta,analysis,ip,asic,closure,high,electrical,integration,level
Topic 86,554,performance,gpu,graphic,cpu,metal,render,compiler,c,engine,model,architecture,optimization,driver,power,memory,workload,shader,tool,micro,analysis,gpus,opengl,animation,soc,mac,analyze,tune,processor,architectural,optimize
Topic 87,648,university,study,master,gross,certificate,specialist,time,month,department,average,german,task,know,career,permit,resume,student,f,english,possibility,document,good,grade,note,degree,contract,course,banking,part,exemption
Topic 88,983,digital,transformation,technology,drive,change,achieve,innovation,mission,empower,value,mindset,orchestrate,consumption,outcome,every,leverage,excellence,solution,culture,planet,encourage,maker,business,embrace,consult,inspire,modern,decision,bring,envision
Topic 89,514,seller,marketplace,commerce,sell,selection,brand,fba,associate,summary,category,glowroad,catalog,com,merchant,online,india,grow,metric,spitshine,identify,launch,improvement,price,growth,new,opportunity,shop,drive,buy,earth
Topic 90,806,manufacturing,process,quality,design,mechanical,supplier,production,material,engineering,equipment,assembly,analysis,failure,product,yield,mass,reliability,development,volume,packaging,engineer,module,factory,statistical,control,manufacturer,travel,industrial,fixture,new
Topic 91,205,gtech,solution,user,support,bespeak,product,tool,ad,thorough,answer,team,gup,aim,globally,root,advisor,problem,solve,video,help,whether,place,everything,potential,troubleshoot,insight,stakeholder,check,full,unique
Topic 92,400,ar,vr,reality,augment,technology,tdg,algorithm,engineer,c,arkit,vision,interactive,delight,framework,group,computer,push,million,graphic,prototype,generation,virtual,reward,software,inspire,people,application,craft,platform,ship
Topic 93,207,tax,payroll,indirect,income,taxis,calculation,international,compliance,audit,vat,local,corporate,global,taxation,transaction,accounting,pricing,return,support,statutory,legal,professional,u,analyst,filing,law,entity,prepare,provision,assist
Topic 94,745,train,learn,trainer,skill,employee,course,support,instructional,instructor,material,education,associate,curriculum,certification,knowledge,teach,learner,classroom,development,team,new,provide,coach,individual,develop,session,adult,need,want,career
Topic 95,971,g,spitshine,etc,consult,leverage,internal,degree,team,identify,stakeholder,proactively,resource,commerce,relate,minimum,equivalent,preferr,practice,field,embody,feedback,share,certification,bachelor,relevant,master,ensure,area,assign,cellular
Topic 96,477,policy,public,legal,issue,government,affair,regulatory,sector,agreement,counsel,law,federal,gapp,relation,external,corporate,opinion,advise,intellectual,draft,attorney,pr,company,communication,stakeholder,team,matter,global,commercial,property
Topic 97,676,developer,community,relation,code,advocate,know,platform,open,tool,source,wait,library,write,team,documentation,ecosystem,create,develop,sample,core,apis,c,help,build,writing,improve,python,party,development,blog
Topic 98,182,quantum,compute,qiskit,scientist,physics,yorktown,ny,hardware,height,simulation,science,educator,academic,enthusiast,computer,universal,stack,researcher,circuit,packaging,fabrication,community,fortune,experimental,usable,semiconductor,research,lab,today,location
Topic 99,830,administrative,support,assistant,event,executive,calendar,team,travel,organize,schedule,task,meeting,issue,office,manage,confidential,activity,expense,maintain,provide,report,ability,discretion,detail,international,time,need,assist,coordinate,staff
